"id","econ_number","model","brand","color","circulation_card_number","insurance_company","insurance_code","serial_number","license_plate","year","insurance","circulation_card","sua","unit_type","permiso_sct","conf_vehicular","performance","status","fumigation_certified","verificacion_fisico_mecanica","verificacion_de_emisiones","initial_milage","current_milage","photo_1","photo_2","photo_3","photo_4","photo_5","photo_6","fumigation_expiration","insurance_expiration","system","observations","current_state","date_joined","date_created","date_updated","supplier_id","is_rent"
"2","EQ-001-001B","4000","RAM","Sin color",NULL,"GNP SEGUROS","461012106","3N6AD35A3MK826199","SY6888D",2021,"","","","UNIDAD 3.5 TN",NULL,"C2","0","Activa","","","",NULL,NULL,"","","","","","",NULL,NULL,"QRO",NULL,"Queretaro de Arteaga","2023-07-19","2025-04-15 18:22:43.5563+00","2023-07-19 08:40:18.029941+00","156",True
"3","EQ-003-001E","RAM 4000","DODGE","Sin color",NULL,"HDI","721756650100","T9TS8ZOELNHIMLOEAIN","82AK3P",2018,"","","","UNIDAD 3.5 TN","","C2","0","Activa","","","",NULL,NULL,"","","","","","",NULL,NULL,"QRO","","Queretaro de Arteaga","2023-07-19","2023-09-18 09:06:59.136306+00","2023-07-19 08:40:18.428445+00","5",False
"5","EQ-002-002B","2019","TOYOTA","Sin color",NULL,"QUALITAS","4120092215","mr0ex8cb5k1404357","78AK3W",2019,"","","","UNIDAD 1 TN","1329MAHA30112018230301001","VL","0","Activa","","","",NULL,NULL,"","","","","","",NULL,NULL,"QRO","","Queretaro de Arteaga","2023-07-19","2023-09-18 09:06:58.999258+00","2023-07-19 08:40:19.212648+00",NULL,False
"6","EQ-002-001B","2011","NISSAN","Sin color",NULL,"SEGUROS ANA","3615150","3N6DD25T0BK001663","57AK9S",2011,"","","","UNIDAD 1 TN","1329MAHA30112018230301000","VL","0","Activa","","","",NULL,NULL,"","","","","","",NULL,NULL,"QRO","","Queretaro de Arteaga","2023-07-19","2023-09-18 09:06:58.923273+00","2023-07-19 08:40:19.611978+00",NULL,False
"7","EQ-004-012G","1998","MERCEDES BENZ","Sin color",NULL,"HDI","830293122","3AMBBMHC5WS043768","97AR2B",1998,"","","","RABON","2242CANA251020011021001020","C2","0","Activa","","","",NULL,NULL,"","","","","","",NULL,NULL,"QRO","","Queretaro de Arteaga","2023-07-19","2023-09-18 09:06:58.844279+00","2023-07-19 08:40:20.011435+00",NULL,False
"8","EQ-004-007E","2015","DODGE","Sin color",NULL,"HDI","830293122","3C7WRAKT8FG519236","291EW3",2015,"","","","UNIDAD 3.5 TN","2242CANA25102011021001008","C2","0","Activa","","","",NULL,NULL,"","","","","","",NULL,NULL,"QRO","","Queretaro de Arteaga","2023-07-19","2023-09-18 09:06:58.772905+00","2023-07-19 08:40:20.398538+00",NULL,False
"9","EQ-004-005E","SILVERADO","CHEVROLET","Sin color",NULL,"HDI","830293122","3GBJC34R76M102217","96AR2B",2006,"","","","UNIDAD 3.5 TN","2242CANA25102011021001020","C2","0","Activa","","","",NULL,NULL,"","","","","","",NULL,NULL,"QRO","","Queretaro de Arteaga","2023-07-19","2023-09-18 09:06:58.700451+00","2023-07-19 08:40:20.790292+00",NULL,False
"10","EQ-004-002B","NP 300","NISSAN","Sin color",NULL,"HDI","860293122","3N3AD35A5MK817293","SY4658A",2021,"","","","UNIDAD 1 TN","2242CANA2510210002100","VL","0","Activa","","","",NULL,NULL,"","","","","","",NULL,NULL,"QRO","","Queretaro de Arteaga","2023-07-19","2023-09-18 09:06:58.626638+00","2023-07-19 08:40:21.184523+00",NULL,False
"11","ECO-08-001","TRACTO","KENWORTH","Sin color",NULL,"HDI","449783996","","SV6148A",2006,"","","","TRACTO","","","0","Activa","","","",NULL,NULL,"","","","","","",NULL,NULL,"QRO","","Queretaro de Arteaga","2023-07-19","2023-07-19 08:43:19.257003+00","2023-07-19 08:40:21.577043+00",NULL,False
"12","ECO-08-002","CAJA S.","INTERNATIONAL","Sin color",NULL,"GNP","449738996","","52UD7G",2001,"","","","TRACTO","","","0","Activa","","","",NULL,NULL,"","","","","","",NULL,NULL,"QRO","","Queretaro de Arteaga","2023-07-19","2023-07-19 08:43:19.409942+00","2023-07-19 08:40:21.966983+00",NULL,False
"13","EQ-004-009G","1999","FREIGHTLINER","Sin color",NULL,"HDI","821920025","36L6HFAB3XDB80055","36AJ1S",1999,"","","","RABON","2242CANA25102011021001014","T3S2","0","Activa","","","",NULL,NULL,"","","","","","",NULL,NULL,"QRO","","Queretaro de Arteaga","2023-07-19","2023-09-18 09:06:58.557412+00","2023-07-19 08:40:22.368435+00",NULL,False
"14","EQ-004-030T","2006","VOLVO","Sin color",NULL,"HDI","831920025","4V4NC9TG76N411003","215EV5",2006,"","","","TRACTO","2242CANA25102011021001006","T2S1","0","Activa","","","",NULL,NULL,"","","","","","",NULL,NULL,"QRO","","Queretaro de Arteaga","2023-07-19","2023-09-18 09:06:58.488998+00","2023-07-19 08:40:22.767452+00",NULL,False
"15","EQ-004-040T","2001","GREAT DANE","Sin color",NULL,"HDI","831920025","1GRAA06211T004929","570X8B",2001,"","","","CAJA 53’","2242CANA25102011021001011","CTR007","0","Activa","","","",NULL,NULL,"","","","","","",NULL,NULL,"QRO","","Queretaro de Arteaga","2023-07-19","2023-09-18 09:06:58.412484+00","2023-07-19 08:40:23.155528+00",NULL,False
"16","ECO-04-010","2005","Internacional","Sin color",NULL,"HDI","831920025","","SV4039D",2005,"","","","TRACTO","","T2S3","0","Activa","","","",NULL,NULL,"","","","","","",NULL,NULL,"QRO","","Queretaro de Arteaga","2023-07-19","2023-07-19 08:43:20.028163+00","2023-07-19 08:40:23.555015+00",NULL,False
"17","EQ-003-008T","2008","Kenworth","Sin color",NULL,"HDI","831920025","","27AG8D",2008,"","","","TRACTO","","T3S2","0","Activa","","","",NULL,NULL,"","","","","","",NULL,NULL,"QRO","","Queretaro de Arteaga","2023-07-19","2023-09-18 09:06:58.345042+00","2023-07-19 08:40:23.944263+00","5",False
"18","ECO-09-001","2001","KENTWORTH","Sin color",NULL,"HDI","831920025","","826AG3",2001,"","","","TRACTO","","","0","Activa","","","",NULL,NULL,"","","","","","",NULL,NULL,"QRO","","Queretaro de Arteaga","2023-07-19","2023-07-19 08:43:20.338598+00","2023-07-19 08:40:24.33509+00",NULL,False
"19","ECO-09-002","2000","INTERNATIONAL","Sin color",NULL,"HDI","831920025","","780WT9",2000,"","","","TRACTO","","","0","Activa","","","",NULL,NULL,"","","","","","",NULL,NULL,"QRO","","Queretaro de Arteaga","2023-07-19","2023-07-19 08:43:20.490222+00","2023-07-19 08:40:24.734742+00",NULL,False
"20","ECO-10-001","2003","CHEVROLET","Sin color",NULL,"AXA","923657463","","151EW3",2003,"","","","UNIDAD 3.5 TN","","C2","0","Activa","","","",NULL,NULL,"","","","","","",NULL,NULL,"QRO","","Queretaro de Arteaga","2023-07-19","2023-07-19 08:43:20.658511+00","2023-07-19 08:40:25.124971+00",NULL,False
"21","EQ-001-003E","2022","RAM","Sin color",NULL,"HDI","264153861","3C7WRAHTXNG106384","48AU4Z",2022,"","","","UNIDAD 3.5 TN","2242STL09122021021001000","C2","0","Activa","","","",NULL,NULL,"","","","","","",NULL,NULL,"QRO",NULL,"Queretaro de Arteaga","2023-07-19","2025-04-08 23:16:14.708175+00","2023-07-19 08:40:25.547388+00","156",False
"22","EQ-004-014G","2002","INTERNATIONAL","Sin color",NULL,"HDI","831920025","3HTNAAAR62N502594","01AF7B",2002,"","","","RABON","2242CANA25102011021001012","C2","0","Activa","","","",NULL,NULL,"","","","","","",NULL,NULL,"QRO","","Queretaro de Arteaga","2023-07-19","2023-09-18 09:06:58.200561+00","2023-07-19 08:40:25.982938+00",NULL,False
"23","EQ-008-001T","2001","KENTWORTH","Sin color",NULL,"HDI","831920025","","046DG7",2001,"","","","TRACTO","","T3S2","0","Activa","","","",NULL,NULL,"","","","","","",NULL,NULL,"QRO","","Queretaro de Arteaga","2023-07-19","2023-09-18 09:06:58.125272+00","2023-07-19 08:40:26.372859+00","10",False
"24","EQ-008-008I","2001","INTERNATIONAL","Sin color",NULL,"HDI","831920025","","35UA7E",2001,"","","","CAJA","","CTR006","0","Activa","","","",NULL,NULL,"","","","","","",NULL,NULL,"QRO","","Queretaro de Arteaga","2023-07-19","2023-09-18 09:06:58.051021+00","2023-07-19 08:40:26.765117+00","10",False
"25","ECO-11-001","2001","Ford","Sin color",NULL,"HDI","831920025","","LC15140",2001,"","","","UNIDAD 1 TN","","VL","0","Activa","","","",NULL,NULL,"","","","","","",NULL,NULL,"QRO","","Queretaro de Arteaga","2023-07-19","2023-07-19 08:43:21.443561+00","2023-07-19 08:40:27.154688+00",NULL,False
"26","EQ-003-003I","2001","KENTWORTH","Sin color",NULL,"HDI","831920025","","39TZ3K",2001,"","","","PLATAFORMA 40’","","CTR021","0","Activa","","","",NULL,NULL,"","","","","","",NULL,NULL,"QRO","","Queretaro de Arteaga","2023-07-19","2023-09-18 09:06:57.978713+00","2023-07-19 08:40:27.539894+00","5",False
"27","EQ-003-009T","2001","KENTWORT","Sin color",NULL,"HDI","831920025","","65AC7U",2001,"","","","TRACTO","","T3S2","0","Activa","","","",NULL,NULL,"","","","","","",NULL,NULL,"QRO","","Queretaro de Arteaga","2023-07-19","2023-09-18 09:06:57.909565+00","2023-07-19 08:40:27.936587+00","5",False
"28","ECO-09-003","2001","KENTWORT","Sin color",NULL,"HDI","831920025","","63AN2E",2001,"","","","TRACTO","","T3S2","0","Activa","","","",NULL,NULL,"","","","","","",NULL,NULL,"QRO","","Queretaro de Arteaga","2023-07-19","2023-07-19 08:43:21.906397+00","2023-07-19 08:40:28.330942+00",NULL,False
"29","ECO-09-004","2001","INTERNATIONAL","Sin color",NULL,"HDI","831920025","","25UG4M",2001,"","","","CAJA","","CTR021","0","Activa","","","",NULL,NULL,"","","","","","",NULL,NULL,"QRO","","Queretaro de Arteaga","2023-07-19","2023-07-19 08:43:22.060432+00","2023-07-19 08:40:28.723096+00",NULL,False
"30","ECO-12-001","2001","KENTWORTH","Sin color",NULL,"HDI","831920025","","85AB1D",2001,"","","","TRACTO","","T3S2","0","Activa","","","",NULL,NULL,"","","","","","",NULL,NULL,"QRO","","Queretaro de Arteaga","2023-07-19","2023-07-19 08:43:22.213578+00","2023-07-19 08:40:29.114987+00",NULL,False
"31","ECO-12-002","2001","INTERNATIONAL","Sin color",NULL,"HDI","831920025","","762WJ1",2001,"","","","CAJA","","CTR021","0","Activa","","","",NULL,NULL,"","","","","","",NULL,NULL,"QRO","","Queretaro de Arteaga","2023-07-19","2023-07-19 08:43:22.366998+00","2023-07-19 08:40:29.505944+00",NULL,False
"32","EQ-004-013G","1992","MERCEDES BENZ","Sin color",NULL,"HDI","831920025","C1517BM0009871","214EY6",1992,"","","","RABON","2242CANA25102011021001009","C2","0","Activa","","","",NULL,NULL,"","","","","","",NULL,NULL,"QRO","","Queretaro de Arteaga","2023-07-19","2023-09-18 09:06:57.836495+00","2023-07-19 08:40:29.899446+00",NULL,False
"33","Eco-11-002","2001","Kentworth","Sin color",NULL,"Consultoría especializada","730059835","","405AJ4",2011,"","","","TORTHON","","C3","0","Activa","","","",NULL,NULL,"","","","","","",NULL,NULL,"QRO","","Queretaro de Arteaga","2023-07-19","2023-07-19 08:43:22.675811+00","2023-07-19 08:40:30.298148+00",NULL,False
"34","EQ-004-011G","2000","FREIGHTLINER","Sin color",NULL,"HDI","831920024","3AL6HFAA1YDG72916","55AK4J",2002,"","","","RABON","2242CANA25102011021001016","C2","0","Activa","","","",NULL,NULL,"","","","","","",NULL,NULL,"QRO","","Queretaro de Arteaga","2023-07-19","2023-09-18 09:06:57.765754+00","2023-07-19 08:40:30.686435+00",NULL,False
"35","ECO-04-014","2001","INTERNATIONAL","Sin color",NULL,"HDI","83125092","","99AN8D",2001,"","","","TORTHON","","C3","0","Activa","","","",NULL,NULL,"","","","","","",NULL,NULL,"QRO","","Queretaro de Arteaga","2023-07-19","2023-07-19 08:43:22.984382+00","2023-07-19 08:40:31.074938+00",NULL,False
"36","EQ-004-006E","2015","RAM","Sin color",NULL,"HDI","8219200025","3C7WRAKT1FG506098","526EH8",2015,"","","","UNIDAD 3.5 TN","2242CANA25102011021001007","C2","0","Activa","","","",NULL,NULL,"","","","","","",NULL,NULL,"QRO",NULL,"Queretaro de Arteaga","2023-07-19","2024-11-06 15:35:55.14156+00","2023-07-19 08:40:31.465861+00",NULL,False
"37","ECO-04-016","2008","NP","Sin color",NULL,"HDI","8219300025","","7629ZP",2008,"","","","UNIDAD 1 TN","","VL","0","Activa","","","",NULL,NULL,"","","","","","",NULL,NULL,"QRO","","Queretaro de Arteaga","2023-07-19","2023-07-19 08:43:23.331755+00","2023-07-19 08:40:31.854919+00",NULL,False
"38","ECO-011-005","CAJA 3.5 SECA","FORD","Sin color",NULL,"HDI","831229800","1FDRF3G62LED25799","83AP7X",2020,"","","","UNIDAD 3.5 TN","","C2","0","Activa","","","",NULL,NULL,"","","","","","",NULL,NULL,"QRO","","Queretaro de Arteaga","2023-07-19","2023-07-19 08:43:23.48347+00","2023-07-19 08:40:32.247875+00",NULL,False
"39","ECO-011-004","2010","NISSAN","Sin color",NULL,"GNP","42538325898","","SS50701",2010,"","","","UNIDAD 1 TN","","VL","0","Activa","","","",NULL,NULL,"","","","","","",NULL,NULL,"QRO","","Queretaro de Arteaga","2023-07-19","2023-07-19 08:43:23.636676+00","2023-07-19 08:40:32.639854+00",NULL,False
"40","EQ-005-004H","2015","KENTWORTH","Sin color",NULL,"HDI","83920025","3BKHKM9X0FF302537","30AM2R",2015,"","","","TORTHON","2242GOME29062011021001006","C3","0","Activa","","","",NULL,NULL,"","","","","","",NULL,NULL,"QRO","","Queretaro de Arteaga","2023-07-19","2023-09-18 09:06:57.629354+00","2023-07-19 08:40:33.039943+00","7",False
"41","ECO-04-017","2010","Np","Sin color",NULL,"Hdi","8319200025","","7599ZP",2010,"","","","UNIDAD 1 TN","","VL","0","Activa","","","",NULL,NULL,"","","","","","",NULL,NULL,"QRO","","Queretaro de Arteaga","2023-07-19","2023-07-19 08:43:23.94348+00","2023-07-19 08:40:33.433911+00",NULL,False
"42","ECO-011-006","2015","Ford","Sin color",NULL,"ASEGURADORA EL POTOSI","AUIN-016420-88","","LC47425",2015,"","","","UNIDAD 1 TN","","VL","0","Activa","","","",NULL,NULL,"","","","","","",NULL,NULL,"QRO","","Queretaro de Arteaga","2023-07-19","2023-07-19 08:43:24.097655+00","2023-07-19 08:40:33.827892+00",NULL,False
"43","ALFA-01-001","2014","NISSAN NP300","Sin color",NULL,"GENERAL DE SEGUROS","721248087","","JX36407",2014,"","","","UNIDAD 1 TN","","VL","0","Activa","","","",NULL,NULL,"","","","","","",NULL,NULL,"GDL","","Queretaro de Arteaga","2023-07-19","2023-07-19 08:43:24.250691+00","2023-07-19 08:40:34.219897+00",NULL,False
"44","EQ-009-002E","RAM 4000","CHRYSLER","Sin color",NULL,"HDI","831920025",NULL,"SY6468D",2008,"","","","UNIDAD 3.5 TN",NULL,"C2","0","Activa","","","",NULL,NULL,"","","","","","",NULL,NULL,"QRO","RAMPA HIDRAULICA","Queretaro de Arteaga","2023-07-19","2024-01-17 21:38:12.517035+00","2023-07-19 08:40:34.610901+00","11",False
"45","ECO-04-018","2010","KENTWORTH","Sin color",NULL,"HDI","1851230095","","SY0152A",2010,"","","","TORTHON","","C3","0","Activa","","","",NULL,NULL,"","","","","","",NULL,NULL,"QRO","","Queretaro de Arteaga","2023-07-19","2023-07-19 08:43:24.556995+00","2023-07-19 08:40:35.001608+00",NULL,False
"46","ECO-011-003","2010","KENTWORTH","Sin color",NULL,"HDI","831250095","","70AS9Z",2010,"","","","TORTHON","","C3","0","Activa","","","",NULL,NULL,"","","","","","",NULL,NULL,"QRO","","Queretaro de Arteaga","2023-07-19","2023-07-19 08:43:24.70841+00","2023-07-19 08:40:35.392691+00",NULL,False
"47","ECO-011-007","2010","KENTHWORD","Sin color",NULL,"HDID","41022703","","90AU8T",2010,"","","","TRACTO","","T3S2","0","Activa","","","",NULL,NULL,"","","","","","",NULL,NULL,"QRO","","Queretaro de Arteaga","2023-07-19","2023-07-19 08:43:24.860624+00","2023-07-19 08:40:35.783021+00",NULL,False
"48","ECO-011-008","2006","INTERNATIONAL","Sin color",NULL,"HDI","41022703","","56UF5T",2006,"","","","CAJA 53’","","CTR007","0","Activa","","","",NULL,NULL,"","","","","","",NULL,NULL,"QRO","","Queretaro de Arteaga","2023-07-19","2023-07-19 08:43:25.013293+00","2023-07-19 08:40:36.175036+00",NULL,False
"49","EQ-005-003H","2004","KENWORTH","Sin color",NULL,"HDI","861930025","3BKMKY9X24F306382","348EY6",2004,"","","","TORTHON","2242SAMA29072015021001000","C3","0","Activa","","","",NULL,NULL,"","","","","","",NULL,NULL,"QRO","","Queretaro de Arteaga","2023-07-19","2023-09-18 09:06:57.494365+00","2023-07-19 08:40:36.566061+00","7",False
"50","ECO-015-001","2001","KENWORTH","Sin color",NULL,"HDI","001",NULL,"54AE6L",2001,"","","","CAJA 53’",NULL,"T3S2","0","Activa","","","",NULL,NULL,"","","","","","",NULL,NULL,"QRO",NULL,"Queretaro de Arteaga","2023-07-19","2023-07-26 18:23:16.170344+00","2023-07-19 08:40:36.953863+00",NULL,False
"51","ECO-015-002","2001","INTERNATIONAL","Sin color",NULL,"QUALITAS","1650044910","","74UH2Z",2001,"","","","CAJA 53’","","CTR007","0","Activa","","","",NULL,NULL,"","","","","","",NULL,NULL,"QRO","","Queretaro de Arteaga","2023-07-19","2023-07-19 08:43:25.472548+00","2023-07-19 08:40:37.345+00",NULL,False
"52","ECO-015-003","2009","VOLVO","Sin color",NULL,"QUALITAS","1650044910","4V4NC9TG99N496902","01AX1B",2009,"","","","RABON","","C2","0","Activa","","","",NULL,NULL,"","","","","","",NULL,NULL,"QRO","","Queretaro de Arteaga","2023-07-19","2023-07-19 08:43:25.626566+00","2023-07-19 08:40:37.73603+00",NULL,False
"53","EQ-005-010H","2006","kentworth","Sin color",NULL,"qualitas","001",NULL,"75AG8D",2006,"","","","TORTHON","2242GOME29062011021001002","C3","0","Activa","","","",NULL,NULL,"","","","","","",NULL,NULL,"QRO",NULL,"Queretaro de Arteaga","2023-07-19","2023-09-18 09:06:57.426792+00","2023-07-19 08:40:38.126376+00","7",False
"54","EQ-005-009T","2009","FREIGHTLINER","Sin color",NULL,"AXA","140236198000","1FUJGLCK39LAJ1869","25AK5J",2009,"","","","TRACTO","2242GOME29062011021001005","T3S2","0","Activa","","","",NULL,NULL,"","","","","","",NULL,NULL,"QRO","","Queretaro de Arteaga","2023-07-19","2023-09-18 09:06:57.358719+00","2023-07-19 08:40:38.517568+00","7",False
"55","ECO-013-005","2001","INTERNATIONAL","Sin color",NULL,"QUALITAS","0","","39UD8X",2001,"","","","CAJA","","CTR007","0","Activa","","","",NULL,NULL,"","","","","","",NULL,NULL,"QRO","","Queretaro de Arteaga","2023-07-19","2023-07-19 08:43:26.092488+00","2023-07-19 08:40:38.914376+00",NULL,False
"56","EQ-07-001F","2001","RENAULT","Sin color",NULL,"HDEI","001",NULL,"718AT5",2001,"","","","UNIDAD 5 TN",NULL,"C2","0","Activa","","","",NULL,NULL,"","","","","","",NULL,NULL,"QRO",NULL,"Queretaro de Arteaga","2023-07-19","2023-07-26 18:23:32.102544+00","2023-07-19 08:40:39.307279+00",NULL,False
"57","EQ-012-001B","NISSAN","NISSAN","Sin color",NULL,"QUALITAS","830296319","","69AT1P",2006,"","","","UNIDAD 1 TN","","VL","0","Activa","","","",NULL,NULL,"","","","","","",NULL,NULL,"QRO","UNIDAD ESTAQUITAS","Queretaro de Arteaga","2023-07-19","2023-09-18 09:06:57.29136+00","2023-07-19 08:40:39.697288+00","14",False
"58","ECO-11-009","2001","Freightliner","Sin color",NULL,"HDI","001",NULL,"63AS7Z",2001,"","","","TRACTO",NULL,"T3S2","0","Activa","","","",NULL,NULL,"","","","","","",NULL,NULL,"QRO",NULL,"Queretaro de Arteaga","2023-07-19","2023-07-26 18:23:39.374814+00","2023-07-19 08:40:40.182404+00",NULL,False
"59","ECO-11-010","2005","International","Sin color",NULL,"HDI","001",NULL,"128WA7",2005,"","","","CAJA 48’",NULL,"CTR007","0","Activa","","","",NULL,NULL,"","","","","","",NULL,NULL,"QRO",NULL,"Queretaro de Arteaga","2023-07-19","2023-07-26 18:23:46.126997+00","2023-07-19 08:40:40.593868+00",NULL,False
"60","EQ-010-001B","Hylux","Toyota","Sin color",NULL,"Qualytas","830309523","MR0EX8CB7G1392980","SV7783B",2016,"","","","UNIDAD 1 TN","","VL","0","Activa","","","",NULL,NULL,"","","","","","",NULL,NULL,"QRO","","Queretaro de Arteaga","2023-07-19","2023-09-18 09:06:57.222522+00","2023-07-19 08:40:41.056503+00","12",False
"61","EQ-005-008I","2009","INTERNATIONAL","Sin color",NULL,"AXA","140236198000","","39UD8X",2009,"","","","CAJA","","CTR007","0","Activa","","","",NULL,NULL,"","","","","","",NULL,NULL,"QRO","","Queretaro de Arteaga","2023-07-19","2023-09-18 09:06:57.155812+00","2023-07-19 08:40:41.529498+00","7",False
"62","ECO-11-002","2011","Kentworth","Sin color",NULL,"Hdi","001",NULL,"29AB5Y",2011,"","","","TRACTO",NULL,"T3S2","0","Activa","","","",NULL,NULL,"","","","","","",NULL,NULL,"QRO",NULL,"Queretaro de Arteaga","2023-07-19","2023-07-26 18:23:53.834757+00","2023-07-19 08:40:41.966146+00",NULL,False
"63","ECO-11-003","2006","International","Sin color",NULL,"Hdi","001",NULL,"52UB9A",2006,"","","","CAJA 48’",NULL,"CTR007","0","Activa","","","",NULL,NULL,"","","","","","",NULL,NULL,"QRO",NULL,"Queretaro de Arteaga","2023-07-19","2023-07-26 18:24:09.988842+00","2023-07-19 08:40:42.351979+00",NULL,False
"64","EQ-008-010T","2004","KENTWORTH","Sin color",NULL,"HDI","001",NULL,"147DC9",2004,"","","","TRACTO",NULL,"T3S2","0","Activa","","","",NULL,NULL,"","","","","","",NULL,NULL,"QRO",NULL,"Queretaro de Arteaga","2023-07-19","2023-09-18 09:06:57.088985+00","2023-07-19 08:40:42.742959+00","10",False
"65","EQ-06-004","2009","INTERNATIONAL","Sin color",NULL,"HDI","001",NULL,"393XP3",2009,"","","","CAJA 53’",NULL,"CTR007","0","Activa","","","",NULL,NULL,"","","","","","",NULL,NULL,"QRO",NULL,"Queretaro de Arteaga","2023-07-19","2023-07-26 18:24:18.574026+00","2023-07-19 08:40:43.136303+00",NULL,False
"66","ECO-13-009","2006","VOLVO","Sin color",NULL,"AXA","140226321600","","62AK4X",2006,"","","","TRACTO","","T3S2","0","Activa","","","",NULL,NULL,"","","","","","",NULL,NULL,"QRO","","Queretaro de Arteaga","2023-07-19","2023-07-19 08:43:27.836711+00","2023-07-19 08:40:43.535235+00",NULL,False
"67","ECO-13-010","2000","HUNDAI","Sin color",NULL,"AXA","140226321600","","76UH6H",2000,"","","","CAJA 53’","","CTR007","0","Activa","","","",NULL,NULL,"","","","","","",NULL,NULL,"QRO","","Queretaro de Arteaga","2023-07-19","2023-07-19 08:43:27.994085+00","2023-07-19 08:40:43.930841+00",NULL,False
"68","ECO-13-011","2007","KENTWORTH","Sin color",NULL,"HDI","001",NULL,"49AU4Z",2007,"","","","TRACTO",NULL,"C3","0","Activa","","","",NULL,NULL,"","","","","","",NULL,NULL,"QRO",NULL,"Queretaro de Arteaga","2023-07-19","2023-07-26 18:24:26.029973+00","2023-07-19 08:40:44.319718+00",NULL,False
"69","ECO-13-002","2007","INTERNATIONAL","Sin color",NULL,"HDI","001",NULL,"089UL6",2007,"","","","PLATAFORMA 48’",NULL,"CTR021","0","Activa","","","",NULL,NULL,"","","","","","",NULL,NULL,"QRO",NULL,"Queretaro de Arteaga","2023-07-19","2023-07-26 18:24:35.272679+00","2023-07-19 08:40:44.711245+00",NULL,False
"70","EQ-005-008T","2007","VOLVO","Sin color",NULL,"AXA","140288080200","","28AD7V",2007,"","","","TRACTO","","T3S2","0","Activa","","","",NULL,NULL,"","","","","","",NULL,NULL,"QRO","","Queretaro de Arteaga","2023-07-19","2023-09-18 09:06:57.020686+00","2023-07-19 08:40:45.107656+00","7",False
"72","EQ-06-002D","2013","RAM","Sin color",NULL,"QUALITAS","51100749720","","ST2421D",2013,"","","","UNIDAD 2.5 TN","","VL","0","Activa","","","",NULL,NULL,"","","","","","",NULL,NULL,"QRO","CAJA REFRIGERADA/SECA","Queretaro de Arteaga","2023-07-19","2023-07-19 08:43:28.806479+00","2023-07-19 08:40:45.886715+00",NULL,False
"73","ECO-04-020","2005","Volvo","Sin color",NULL,"Hdi","001",NULL,"913AJ5",2005,"","","","TRACTO",NULL,"T2S2","0","Activa","","","",NULL,NULL,"","","","","","",NULL,NULL,"QRO",NULL,"Queretaro de Arteaga","2023-07-19","2023-07-26 18:24:42.567154+00","2023-07-19 08:40:46.27652+00",NULL,False
"74","EGD-001-001","2007","Kentworth","Sin color",NULL,"Hdi","001",NULL,"597AF2",2007,"","","","RABON",NULL,"C2","0","Activa","","","",NULL,NULL,"","","","","","",NULL,NULL,"GDL",NULL,"Queretaro de Arteaga","2023-07-19","2023-07-26 18:24:50.272465+00","2023-07-19 08:40:46.666706+00",NULL,False
"75","EGA-001-001","NP300","Nissan","Sin color",NULL,"Hdi","4066425","","JW70887",2020,"","","","UNIDAD 1 TN","","VL","0","Activa","","","",NULL,NULL,"","","","","","",NULL,NULL,"GDL","","Queretaro de Arteaga","2023-07-19","2023-07-19 08:43:29.279413+00","2023-07-19 08:40:47.05587+00",NULL,False
"76","EGC-01-002","SILVERADO 3500","CHEVROLET","Sin color",NULL,"QUALITAS","1060101733","3GB3C9CG6FG100002","NR4433A",2011,"","","","UNIDAD 3.5 TN","","C2","0","Activa","","","",NULL,NULL,"","","","","","",NULL,NULL,"GDL","","Queretaro de Arteaga","2023-07-19","2023-07-19 08:43:29.433404+00","2023-07-19 08:40:47.452345+00",NULL,False
"77","ECO-13-013","1998","UTILITY","Sin color",NULL,"QUALITAS","X0X0X0X0X0X","","14UC3P",1998,"","","","CAJA 53’","","CTR007","0","Activa","","","",NULL,NULL,"","","","","","",NULL,NULL,"QRO","","Queretaro de Arteaga","2023-07-19","2023-07-19 08:43:29.586578+00","2023-07-19 08:40:47.854721+00",NULL,False
"78","EQ-003-007T","2011","KENTWORTH","Sin color",NULL,"HDI","001",NULL,"54AX3X",2001,"","","","TRACTO",NULL,"T3S2","0","Activa","","","",NULL,NULL,"","","","","","",NULL,NULL,"QRO",NULL,"Queretaro de Arteaga","2023-07-19","2023-09-18 09:06:56.874815+00","2023-07-19 08:40:48.244618+00","5",False
"79","EQ-003-005L","2014","INTERNATIONAL","Sin color",NULL,"HDI","001",NULL,"20UE1P",2014,"","","","CAJA 53’",NULL,"CTR007","0","Activa","","","",NULL,NULL,"","","","","","",NULL,NULL,"QRO",NULL,"Queretaro de Arteaga","2023-07-19","2023-09-18 09:06:56.802274+00","2023-07-19 08:40:48.638991+00","5",False
"80","EG-03-006T","2001","VOLVO","Sin color",NULL,"HDI","001",NULL,"54AX3X",2001,"","","","TRACTO",NULL,"T3S2","0","Activa","","","",NULL,NULL,"","","","","","",NULL,NULL,"GDL",NULL,"Queretaro de Arteaga","2023-07-19","2023-07-26 18:25:08.826455+00","2023-07-19 08:40:49.02987+00",NULL,False
"81","EGO-03-007","2001","INTERNATIONAL","Sin color",NULL,"HDI","001",NULL,"20UE1P",2001,"","","","CAJA 53’",NULL,"CTR007","0","Activa","","","",NULL,NULL,"","","","","","",NULL,NULL,"GDL",NULL,"Queretaro de Arteaga","2023-07-19","2023-07-26 18:25:16.921444+00","2023-07-19 08:40:49.423649+00",NULL,False
"82","EQ-17-001E","RAM 4000","CHEVROLET","Sin color",NULL,"HDI","001",NULL,"9.7e+69",2006,"","","","UNIDAD 3.5 TN",NULL,"C2","0","Activa","","","",NULL,NULL,"","","","","","",NULL,NULL,"QRO",NULL,"Queretaro de Arteaga","2023-07-19","2023-07-26 18:25:23.959905+00","2023-07-19 08:40:49.812472+00",NULL,False
"83","EQ-06-001B","2008","NISSAN","Sin color",NULL,"QUALITAS","001",NULL,"5375ZP",2008,"","","","UNIDAD 1 TN",NULL,"VL","0","Activa","","","",NULL,NULL,"","","","","","",NULL,NULL,"QRO",NULL,"Queretaro de Arteaga","2023-07-19","2024-10-22 19:23:26.887685+00","2023-07-19 08:40:50.202815+00","20",False
"85","EG-01-002E","SILVERADO 3500","CHEVROLET","Sin color",NULL,"QUALITAS","1060101733","3GB3C9CG6FG100002","NR4433A",2015,"","","","UNIDAD 3.5 TN","","C2","0","Activa","","","",NULL,NULL,"","","","","","",NULL,NULL,"GDL","","Queretaro de Arteaga","2023-07-19","2023-07-19 08:43:30.816534+00","2023-07-19 08:40:50.984008+00",NULL,False
"86","ECO-04-021","2001","INTERNATIONAL","Sin color",NULL,"HDI","001",NULL,"61UJ8U",2001,"","","","CAJA 53’",NULL,"CTR007","0","Activa","","","",NULL,NULL,"","","","","","",NULL,NULL,"QRO",NULL,"Queretaro de Arteaga","2023-07-19","2023-07-26 18:25:44.942081+00","2023-07-19 08:40:51.373984+00",NULL,False
"87","EG-01-003B","NP300","NISSAN","Sin color",NULL,"QUALITAS","1060099598","3N6AD35C2JK809729","NDZ1285",2018,"","","","UNIDAD 1 TN","","VL","0","Activa","","","",NULL,NULL,"","","","","","",NULL,NULL,"GDL","ESTAQUITAS","Queretaro de Arteaga","2023-07-19","2023-07-19 08:43:31.13046+00","2023-07-19 08:40:51.763534+00",NULL,False
"88","EQ-10-001","1999","TRAILMOBILE","Sin color",NULL,"HDI","0","","165XS8",1999,"","","","CAJA 53’","","CTR007","0","Activa","","","",NULL,NULL,"","","","","","",NULL,NULL,"QRO","","Queretaro de Arteaga","2023-07-19","2023-07-19 08:43:31.284253+00","2023-07-19 08:40:52.15044+00",NULL,False
"89","EC0-06-004","2001","INTERNATIONAL","Sin color",NULL,"QUALITAS","001",NULL,"392XP3",2001,"","","","CAJA 53’",NULL,"CTR007","0","Activa","","","",NULL,NULL,"","","","","","",NULL,NULL,"QRO","CAJA REFRIGERADA FUNCIONAL COMO SECA","Queretaro de Arteaga","2023-07-19","2023-07-26 18:25:54.770644+00","2023-07-19 08:40:52.542016+00",NULL,False
"90","EG-04-001E","2010","ISUZU","Sin color",NULL,"HDI","001","JAANMR852A7500823","60AU5Y",2010,"","","","UNIDAD 3.5 TN","1431TUZJ28072022021001000","C2","0","Activa","","","",NULL,NULL,"","","","","","",NULL,NULL,"GDL","REFRIGERADA FUERA DE FUNCIONAMIENTO","Queretaro de Arteaga","2023-07-19","2023-07-26 18:26:03.038178+00","2023-07-19 08:40:52.929992+00",NULL,False
"91","EG-01-005L","2008","WABASH","Sin color",NULL,"HDI","001",NULL,"57UP3N",2008,"","","","CAJA 53’","2242HUAR2602221021003003","CTR006","0","Activa","","","",NULL,NULL,"","","","","","",NULL,NULL,"GDL",NULL,"Queretaro de Arteaga","2023-07-19","2023-07-26 18:26:10.355666+00","2023-07-19 08:40:53.322742+00",NULL,False
"92","EQ-10-001B","2010","NISSAN","Sin color",NULL,"QUALITAS","1690023305","3N6AD35C8GK880913","4177ZP",2010,"","","","UNIDAD 1 TN","2242REAS30112016277601000","VL","0","Activa","","","",NULL,NULL,"","","","","","",NULL,NULL,"QRO","","Queretaro de Arteaga","2023-07-19","2023-07-19 08:43:31.896549+00","2023-07-19 08:40:53.713783+00",NULL,False
"93","EQ-004-039L","2000","TRAIL MOBILE","Sin color",NULL,"QUALITAS","001","1PT01JAHXY6008445","98UN5G",2000,"","","","CAJA 53’","2242CANA25102011021001022","CTR007","0","Activa","","","",NULL,NULL,"","","","","","",NULL,NULL,"QRO",NULL,"Queretaro de Arteaga","2023-07-19","2023-09-18 09:06:56.658115+00","2023-07-19 08:40:54.11101+00",NULL,False
"94","EQG-01-005T","2007","FREIGHTLINER","Sin color",NULL,"QUALITAS","","","38AA8N",2007,"","","","CAJA 53’","2242MAOJ02072014021001018","T3S2","0","Activa","","","",NULL,NULL,"","","","","","",NULL,NULL,"GDL","","Queretaro de Arteaga","2023-07-19","2023-07-19 08:43:32.205404+00","2023-07-19 08:40:54.502282+00",NULL,False
"95","EQ-013-001F","HINO 500","HINO","Sin color",NULL,"HDI","001",NULL,"69AU7M",2006,"","","","UNIDAD 5 TN",NULL,"C2","0","Activa","","","",NULL,NULL,"","","","","","",NULL,NULL,"QRO",NULL,"Queretaro de Arteaga","2023-07-19","2025-04-08 23:24:35.238064+00","2023-07-19 08:40:54.890957+00","15",False
"96","EQ-004-003B","NP300","NISSAN","Sin color",NULL,"HDI","830293122","3N6AD35A4MK809461","SY5752A",2021,"","","","UNIDAD 1 TN","2242CANA2510201102100","VL","0","Activa","","","",NULL,NULL,"","","","","","",NULL,NULL,"QRO","","Queretaro de Arteaga","2023-07-19","2023-09-18 09:06:56.580451+00","2023-07-19 08:40:55.285046+00",NULL,False
"97","EQ-004-004B","NP300","NISSAN","Sin color",NULL,"HDI","830293122","3N6D35C6GK871904","SS6547D",2016,"","","","UNIDAD 1 TN","2242CANA2510201102100","VL","0","Activa","","","",NULL,NULL,"","","","","","",NULL,NULL,"QRO","","Queretaro de Arteaga","2023-07-19","2023-09-18 09:06:56.478198+00","2023-07-19 08:40:55.681812+00",NULL,False
"98","EQ-004-010G","2007","INTERNATIONAL","Sin color",NULL,"HDI","830293122","1HTMPAFL17H511431","51AN9D",2007,"","","","RABON","2242CANA25102011021001017","C2","0","Activa","","","",NULL,NULL,"","","","","","",NULL,NULL,"QRO","","Queretaro de Arteaga","2023-07-19","2023-09-18 09:06:56.411502+00","2023-07-19 08:40:56.066951+00",NULL,False
"99","EQ-005-002A","DUCATO","FIAT","Sin color",NULL,"AXA","140270181000","ZFCNFFFJ1K2J88119","SV6398A",2019,"","","","VEHICULO UTILITARIO","2242GOME2906201102100","VL","0","Activa","","","",NULL,NULL,"","","","","","",NULL,NULL,"QRO","","Queretaro de Arteaga","2023-07-19","2023-09-18 09:06:56.343373+00","2023-07-19 08:40:56.482221+00","7",False
"100","EQG-03-007L","2007","International","Sin color",NULL,"Hdi","001",NULL,"94UE3Y",2007,"","","","CAJA 53’",NULL,"CTR007","0","Activa","","","",NULL,NULL,"","","","","","",NULL,NULL,"GDL",NULL,"Queretaro de Arteaga","2023-07-19","2023-07-26 18:26:33.520524+00","2023-07-19 08:42:56.233415+00",NULL,False
"101","EQ-012-004B","2022","TOYOTA","Sin color",NULL,"GNP SEGUROS","13226350","MR0CX8CB4N0428179","3892ZP",2022,"","","","UNIDAD 1 TN","1123TIMJ01092022277602000","VL","0","Activa","","","",NULL,NULL,"","","","","","",NULL,NULL,"QRO","","Queretaro de Arteaga","2023-07-19","2023-09-18 09:06:56.274568+00","2023-07-19 08:42:56.612449+00","14",False
"102","EQ-003-008L","2001","International","Sin color",NULL,"Hdi","001",NULL,"94UE3Y",2001,"","","","CAJA 53’",NULL,"CTR007","0","Activa","","","",NULL,NULL,"","","","","","",NULL,NULL,"QRO",NULL,"Queretaro de Arteaga","2023-07-19","2024-08-29 09:23:55.155821+00","2023-07-19 08:42:56.98744+00","5",False
"104","EQ-14-005E","2001","CHEVROLET","Sin color",NULL,"HDI","001",NULL,"267AH6",2001,"","","","UNIDAD 3.5 TN","2212GUPS841213K67/1","C2","0","Activa","","","",NULL,NULL,"","","","","","",NULL,NULL,"QRO",NULL,"Queretaro de Arteaga","2023-07-19","2023-07-26 18:26:59.91795+00","2023-07-19 08:42:57.745859+00",NULL,False
"105","EG-004-001B","NP300","NISSAN","Sin color",NULL,"BANORTE","A001-30034033261-1-1-1","3N6AD35A3MK817223","JW56486",2021,"","","","UNIDAD 1 TN","","VL","0","Activa","","","",NULL,NULL,"","","","","","",NULL,NULL,"GDL","","Queretaro de Arteaga","2023-07-19","2023-07-19 08:43:33.909922+00","2023-07-19 08:42:58.134214+00",NULL,False
"106","EQ-019-001L","2000","WABASH","Sin color",NULL,"Hdi","001",NULL,"12UJ2V",2000,"","","","CAJA 53’","2242RAMC03022021021001000","CTR007","0","Activa","","","",NULL,NULL,"","","","","","",NULL,NULL,"QRO",NULL,"Queretaro de Arteaga","2023-07-19","2023-09-18 09:06:56.071328+00","2023-07-19 08:42:58.516479+00",NULL,False
"107","EQ-019-002T","2009","JR BUSES","Sin color",NULL,"Hdi","001",NULL,"79AR4B",2009,"","","","TRACTO","2242RAMC03022021021001000","T2S3","0","Activa","","","",NULL,NULL,"","","","","","",NULL,NULL,"QRO",NULL,"Queretaro de Arteaga","2023-07-19","2023-09-18 09:06:56.003172+00","2023-07-19 08:42:58.896479+00",NULL,False
"108","EQ-021-001T","2020","VOLVO","Sin color",NULL,"QUALITAS","730058792","","44AS8Z",2020,"","","","TRACTO","2242TLO20102021021002000","T3S2","0","Activa","","","",NULL,NULL,"","","","","","",NULL,NULL,"QRO","","Queretaro de Arteaga","2023-07-19","2023-09-18 09:06:55.936726+00","2023-07-19 08:42:59.274867+00",NULL,False
"109","EQ-021-002L","2003","INTERNATIONAL","Sin color",NULL,"QUALITAS","730059667","","59UL5J",2003,"","","","CAJA 53’","2242TLO20102021021002001","CTR007","0","Activa","","","",NULL,NULL,"","","","","","",NULL,NULL,"QRO","","Queretaro de Arteaga","2023-07-19","2023-09-18 09:06:55.867826+00","2023-07-19 08:42:59.653548+00",NULL,False
"110","EQ-022-001H","2007","KEMWORTH","Sin color",NULL,"HDI","0001","2NKMLZ9X67M312316","43AF5B",2007,"","","","TORTHON","2242GUSL2104017021001000","C3","0","Activa","","","",NULL,NULL,"","","","","","",NULL,NULL,"QRO",NULL,"Queretaro de Arteaga","2023-07-19","2024-10-22 21:47:05.481287+00","2023-07-19 08:43:00.030156+00","24",False
"111","EQ-03-003I","2000","INTERNATIONAL","Sin color",NULL,"HDI","001",NULL,"92UG8F",2000,"","","","PLATAFORMA 40’",NULL,"CTR021","0","Activa","","","",NULL,NULL,"","","","","","",NULL,NULL,"QRO",NULL,"Queretaro de Arteaga","2023-07-19","2023-07-26 18:27:23.238004+00","2023-07-19 08:43:00.405584+00",NULL,False
"112","EQ-025-001E","2001","FORD","Sin color",NULL,"HDI","001",NULL,"LD54218",2001,"","","","UNIDAD 3.5 TN","2242DJD488816460001","C2","0","Activa","","","",NULL,NULL,"","","","","","",NULL,NULL,"QRO",NULL,"Queretaro de Arteaga","2023-07-19","2024-10-21 20:04:04.696443+00","2023-07-19 08:43:00.777934+00","93",False
"113","EQ-021-003T","2006","Kentwoth","Sin color",NULL,"Hdi","001",NULL,"87AX8D",2006,"","","","TRACTO","2242TLO20002005102021021","T2S3","0","Activa","","","",NULL,NULL,"","","","","","",NULL,NULL,"QRO",NULL,"Queretaro de Arteaga","2023-07-19","2023-09-18 09:06:55.792886+00","2023-07-19 08:43:01.152472+00",NULL,False
"114","EQ-021-004I","1999","Internacional","Sin color",NULL,"Hdi","001",NULL,"99UP1N",1999,"","","","CAJA 53’","2242TLO20102021021002007","CTR007","0","Activa","","","",NULL,NULL,"","","","","","",NULL,NULL,"QRO",NULL,"Queretaro de Arteaga","2023-07-19","2023-09-18 09:06:55.724933+00","2023-07-19 08:43:01.561513+00",NULL,False
"115","EQG-001-004T","2002","FREIGLINER","Sin color",NULL,"HDI","001",NULL,"98AY9H",2002,"","","","TORTHON","2242STL09122021021001001","T3S2","0","Activa","","","",NULL,NULL,"","","","","","",NULL,NULL,"GDL",NULL,"Queretaro de Arteaga","2023-07-19","2023-07-26 18:27:54.106278+00","2023-07-19 08:43:01.944914+00",NULL,False
"116","EQG-001-007I","1999","INTERNATIONAL","Sin color",NULL,"HDI","001",NULL,"61UP7V",1999,"","","","CAJA 53’","2242STL09122021021001001","CTR007","0","Activa","","","",NULL,NULL,"","","","","","",NULL,NULL,"GDL",NULL,"Queretaro de Arteaga","2023-07-19","2023-07-26 18:28:01.894999+00","2023-07-19 08:43:02.325269+00",NULL,False
"117","EQ-026-002","FL 80","FREIGTHLINER","Sin color",NULL,"HDI","001","3ALFBXCS43DK82749","700AS7",2003,"","","","TORTHON",NULL,"C3","0","Activa","","","",NULL,NULL,"","","","","","",NULL,NULL,"QRO",NULL,"Queretaro de Arteaga","2023-07-19","2023-07-26 18:28:08.902907+00","2023-07-19 08:43:02.70728+00",NULL,False
"118","EG-002-001A","2009","VERSA","Sin color",NULL,"HDI","001",NULL,"JHT7899",2009,"","","","VEHICULO UTILITARIO",NULL,"VL","0","Activa","","","",NULL,NULL,"","","","","","",NULL,NULL,"QRO",NULL,"Queretaro de Arteaga","2023-07-19","2023-07-26 18:28:16.149057+00","2023-07-19 08:43:03.087549+00",NULL,False
"119","EG-06-001","F350","FORD","Sin color",NULL,"HDI","386-2772-1","1FDEF3G60CEB03311","78AU6S",2012,"","","","UNIDAD 3.5 TN","","C2","0","Activa","","","",NULL,NULL,"","","","","","",NULL,NULL,"GDL","PLATAFORMA","Queretaro de Arteaga","2023-07-19","2023-07-19 08:43:36.066901+00","2023-07-19 08:43:03.466656+00",NULL,False
"120","EQ-004-020I","2001","INTERNATIONAL","Sin color",NULL,"HDI","821930025","","82AXA5",2001,"","","","CAJA 53’","","CTR007","0","Activa","","","",NULL,NULL,"","","","","","",NULL,NULL,"QRO","","Queretaro de Arteaga","2023-07-19","2023-09-18 09:06:55.658143+00","2023-07-19 08:43:03.859663+00",NULL,False
"121","EQ-026-003H","M2","FREIGHTLINER","Sin color",NULL,"HDI","001","3ALACYCS4BDAY3490","93AG1E",2011,"","","","TORTHON",NULL,"C3","0","Activa","","","",NULL,NULL,"","","","","","",NULL,NULL,"QRO",NULL,"Queretaro de Arteaga","2023-07-19","2023-07-26 18:28:32.076074+00","2023-07-19 08:43:04.240707+00",NULL,False
"122","EG-005-001H","2020","FREIGHTLINER","Sin color",NULL,"HDI","001",NULL,"70AS8G",2020,"","","","TORTHON","1431LTP14042021021001000","C3","0","Activa","","","",NULL,NULL,"","","","","","",NULL,NULL,"GDL",NULL,"Queretaro de Arteaga","2023-07-19","2023-07-26 18:28:43.244154+00","2023-07-19 08:43:04.616952+00",NULL,False
"123","EQ-009-001B","2001","NISSAN","Sin color",NULL,"HDI","001",NULL,"SX1525C",2001,"","","","UNIDAD 1 TN",NULL,"VL","0","Activa","","","",NULL,NULL,"","","","","","",NULL,NULL,"QRO",NULL,"Queretaro de Arteaga","2023-07-19","2023-09-18 09:06:55.58999+00","2023-07-19 08:43:04.998168+00","11",False
"124","EQ-008-001","2001","WABASH","Sin color",NULL,"HDI","001",NULL,"808DE3",2001,"","","","CAJA 53’",NULL,"CTR007","0","Activa","","","",NULL,NULL,"","","","","","",NULL,NULL,"QRO",NULL,"Queretaro de Arteaga","2023-07-19","2023-09-18 09:06:55.52208+00","2023-07-19 08:43:05.37686+00","10",False
"125","EQ-008-002T","2002","KENTWORTH","Sin color",NULL,"HDI","001",NULL,"41UD4H",2002,"","","","TRACTO",NULL,"T3S2","0","Activa","","","",NULL,NULL,"","","","","","",NULL,NULL,"QRO",NULL,"Queretaro de Arteaga","2023-07-19","2023-09-18 09:06:55.455057+00","2023-07-19 08:43:05.755028+00","10",False
"126","EG-004-003E","ELF 300","ISUZU","Sin color",NULL,"AXA","140262802800","JAANMR851A7500876","526EH8",2008,"","","","UNIDAD 3.5 TN","N/A","C2","0","Activa","","","",NULL,NULL,"","","","","","",NULL,NULL,"GDL",NULL,"Queretaro de Arteaga","2023-07-19","2024-11-06 15:35:15.026368+00","2023-07-19 08:43:06.131743+00",NULL,False
"127","EQ-026-004H","2001","Freightliner","Sin color",NULL,"Hdi","001",NULL,"838AT5",2001,"","","","TORTHON",NULL,"C3","0","Activa","","","",NULL,NULL,"","","","","","",NULL,NULL,"QRO",NULL,"Queretaro de Arteaga","2023-07-19","2023-07-26 18:30:51.280532+00","2023-07-19 08:43:06.513763+00",NULL,False
"128","EQ-003-010I","2004","HYUMDAI","Sin color",NULL,"HDI","001",NULL,"54TZ9C",2004,"","","","CAJA 53’",NULL,"CTR007","0","Activa","","","",NULL,NULL,"","","","","","",NULL,NULL,"QRO",NULL,"Queretaro de Arteaga","2023-07-19","2024-08-29 09:23:36.517185+00","2023-07-19 08:43:06.890766+00","5",False
"131","EQ-026-005H","2003","FREIGHTLINER","Sin color",NULL,"HDI","001",NULL,"56AZ4S",2003,"","","","TORTHON",NULL,"C3","0","Activa","","","",NULL,NULL,"","","","","","",NULL,NULL,"QRO",NULL,"Queretaro de Arteaga","2023-07-19","2023-07-26 18:30:39.583604+00","2023-07-19 08:43:08.041001+00",NULL,False
"132","EG-006-001H","2023","FREIGHTLINER","Sin color",NULL,"QUALITAS","001",NULL,"76AU6S",2023,"","","","TORTHON","1431LTP14042021021001000","C3","0","Activa","","","",NULL,NULL,"","","","","","",NULL,NULL,"GDL",NULL,"Queretaro de Arteaga","2023-07-19","2023-07-26 18:30:30.609681+00","2023-07-19 08:43:08.423321+00",NULL,False
"133","EQ-026-010","2001","NISSAN","Sin color",NULL,"HDI","001",NULL,"SV3108B",2001,"","","","UNIDAD 1 TN",NULL,"VL","0","Activa","","","",NULL,NULL,"","","","","","",NULL,NULL,"QRO",NULL,"Queretaro de Arteaga","2023-07-19","2023-07-26 18:30:20.862687+00","2023-07-19 08:43:08.801658+00",NULL,False
"135","EG-005-002H","2011","FREIGHTLINER","Sin color",NULL,"QUALITAS","001",NULL,"22AZ3B",2001,"","","","RABON","1431LTP14042021021001000","C2","0","Activa","","","",NULL,NULL,"","","","","","",NULL,NULL,"QRO",NULL,"Queretaro de Arteaga","2023-07-19","2023-07-26 18:30:11.332581+00","2023-07-19 08:43:09.558412+00",NULL,False
"136","EGU-06-001","F350","FORD","Sin color",NULL,"HDI","386-2772-1","1FDEF3G60CEB03311","78AU6S",2012,"","","","UNIDAD 3.5 TN","","C2","0","Activa","","","",NULL,NULL,"","","","","","",NULL,NULL,"QRO","PLATAFORMA","Queretaro de Arteaga","2023-07-19","2023-07-19 08:43:38.68075+00","2023-07-19 08:43:09.938407+00",NULL,False
"137","EQ-023-005H","2016","FREIGHTLINER","Sin color",NULL,"QUALITAS","0710124935","3ALHCYDJXGDHJ2682","47AA7W",2016,"POL_0710124935_FREIGHTLINER_2014.pdf","SECRETARIA_DE_COMUNICACIONES_Y_TRANSPORTES.pdf","","TORTHON","1123LRL17042013021001005","C3","0","Activa","","","",NULL,NULL,"","","","","","",NULL,"2026-02-08","QRO",NULL,"Queretaro de Arteaga","2023-07-19","2025-02-28 21:53:42.25551+00","2023-07-19 08:43:10.315781+00","57",False
"138","EQ-008-009T","2005","FREIGTHLINER","Sin color",NULL,"HDI","001",NULL,"004AM7",2005,"","","","TRACTO",NULL,"T3S2","0","Activa","","","",NULL,NULL,"","","","","","",NULL,NULL,"QRO",NULL,"Queretaro de Arteaga","2023-07-19","2023-09-18 09:06:55.244619+00","2023-07-19 08:43:10.693884+00","10",False
"139","EQ-008-004I","2003","INTERNATIONAL","Sin color",NULL,"HDI","001",NULL,"622VS2",2003,"","","","CAJA",NULL,"CTR007","0","Activa","","","",NULL,NULL,"","","","","","",NULL,NULL,"QRO",NULL,"Queretaro de Arteaga","2023-07-19","2023-09-18 09:06:55.172392+00","2023-07-19 08:43:11.06713+00","10",False
"140","EQ-018-005E","2005","F","Sin color",NULL,"HDI","001",NULL,"28AN7Z",2005,"","","","UNIDAD 3.5 TN",NULL,"C2","0","Activa","","","",NULL,NULL,"","","","","","",NULL,NULL,"QRO",NULL,"Queretaro de Arteaga","2023-07-19","2023-09-18 09:06:55.096679+00","2023-07-19 08:43:11.442585+00","20",False
"141","EQ-005-015A","2000","HYUNDAI","Sin color",NULL,"QUALITAS","8650085045","","76UH6H",2000,"","","","CAJA 53’","2242FIZR21032012021001011","CTR007","0","Activa","","","",NULL,NULL,"","","","","","",NULL,NULL,"QRO","","Queretaro de Arteaga","2023-07-19","2023-09-18 09:06:55.002318+00","2023-07-19 08:43:11.824239+00","7",False
"142","EQ-005-016A","2000","FREIGHTLINER","Sin color",NULL,"QUALITAS","8650085045","3AKYDDYB4YDF72739","63AN6Z",2000,"","","","TRACTO","2242FIZR2103201202100","T3S2","0","Activa","","","",NULL,NULL,"","","","","","",NULL,NULL,"QRO","","Queretaro de Arteaga","2023-07-19","2023-09-18 09:06:54.934967+00","2023-07-19 08:43:12.20705+00","7",False
"143","EQ-005-017A","2002","INTERNATIONAL","Sin color",NULL,"AXA","140296637600","0811454CO","237DD8",2002,"","","","CAJA 53’","2442FIZR2103201202100","","0","Activa","","","",NULL,NULL,"","","","","","",NULL,NULL,"QRO","","Queretaro de Arteaga","2023-07-19","2023-09-18 09:06:54.866373+00","2023-07-19 08:43:12.584116+00","7",False
"144","EQ-005-018A","1990","DINA","Sin color",NULL,"AXA","140296637600","","7RA207A",1990,"","","","TRACTO","2242FIZR032001200","T3S2","0","Activa","","","",NULL,NULL,"","","","","","",NULL,NULL,"QRO","","Queretaro de Arteaga","2023-07-19","2023-09-18 09:06:54.795332+00","2023-07-19 08:43:12.963965+00","7",False
"145","1","np300","nissan","Sin color",NULL,"GNP","","","SV6396C",2021,"","","","UNIDAD 1 TN","","CTR007","0","Activa","","","",NULL,NULL,"","","","","","",NULL,NULL,"CDMX","","Queretaro de Arteaga","2023-07-19","2023-07-19 08:43:40.063553+00","2023-07-19 08:43:13.347347+00",NULL,False
"146","2","RAM3500","DOGE","Sin color",NULL,"CHUB","5460057357","12345678","48AU4Z",2022,"","","","UNIDAD 3.5 TN","","C2","0","Activa","","","",NULL,NULL,"","","","","","",NULL,NULL,"CDMX","","Queretaro de Arteaga","2023-07-19","2023-07-19 08:43:40.221398+00","2023-07-19 08:43:13.731949+00",NULL,False
"147","EQ-023-001H","TORTHON","STERLING","Sin color",NULL,"QUALITAS","001",NULL,"01BG4L",2009,"","","","TORTHON",NULL,"C3","0","Activa","","","",NULL,NULL,"","","","","","",NULL,NULL,"CDMX",NULL,"Queretaro de Arteaga","2023-07-19","2025-01-16 17:20:30.091632+00","2023-07-19 08:43:14.107925+00","57",False
"148","20","FREIGLINER","CASCADIA","Sin color",NULL,"QUALITAS","QUALITAS","","98AY9H",2007,"","","","TRACTO","","","0","Activa","","","",NULL,NULL,"","","","","","",NULL,NULL,"CDMX","","Queretaro de Arteaga","2023-07-19","2023-07-19 08:43:40.527029+00","2023-07-19 08:43:14.484912+00",NULL,False
"150","EQ-030-001E","F350","FORD","Sin color",NULL,"HDI","001",NULL,"22AM3R",2020,"","","","UNIDAD 3.5 TN",NULL,"C2","0","Activa","","","",NULL,NULL,"","","","","","",NULL,NULL,"QRO",NULL,"Queretaro de Arteaga","2023-07-19","2024-10-22 19:58:01.459655+00","2023-07-19 08:43:15.248711+00","92",False
"151","EQ-022-002H","2000","FREIGHTLINER","Sin color",NULL,"HDI","001",NULL,"87AZ5Z",2003,"","","","TORTHON","1","C3","0","Activa","","","",NULL,NULL,"","","","","","",NULL,NULL,"QRO",NULL,"Queretaro de Arteaga","2023-07-19","2025-01-13 21:22:42.909223+00","2023-07-19 08:43:15.628265+00","24",False
"153","EQ-006-001F","2000","FREIGTHLINER","Sin color",NULL,"QUALITAS","001",NULL,"LF51950",2000,"","","","RABON",NULL,"C2","0","Activa","","","",NULL,NULL,"","","","","","",NULL,NULL,"QRO",NULL,"Queretaro de Arteaga","2023-07-19","2023-09-18 09:06:54.726176+00","2023-07-19 08:43:16.394776+00",NULL,False
"154","EQ-005-016","2000","FREIGTHLINER","Sin color",NULL,"HDI","00000000001",NULL,"92AH2P",2000,"","","","TRACTO",NULL,"T2S2","0","Activa","","","",NULL,NULL,"","","","","","",NULL,NULL,"QRO",NULL,"Queretaro de Arteaga","2023-10-06","2023-10-06 19:22:29.751438+00","2023-10-06 19:22:29.743613+00","7",False
"155","EQ-005-017","2000","INTERNATIONAL","Sin color",NULL,"HDI","00000001",NULL,"01UC7C",2000,"","","","CAJA 53’",NULL,"CTR007","0","Activa","","","",NULL,NULL,"","","","","","",NULL,NULL,"QRO",NULL,"Queretaro de Arteaga","2023-10-06","2023-10-06 19:23:52.836427+00","2023-10-06 19:23:52.833709+00","7",False
"156","EQ-022-004H","2020","FREIGLINER","Sin color",NULL,"HDI","00000001",NULL,"89BH4E",2020,"","","","TORTHON",NULL,"C3","0","Activa","","","",NULL,NULL,"","","","","","",NULL,NULL,"QRO",NULL,"Queretaro de Arteaga","2023-10-06","2025-01-13 21:39:36.06994+00","2023-10-06 20:01:08.800749+00","24",False
"157","EG-003-001","2000","freigthliner","Sin color",NULL,"HDI","000000001",NULL,"99BC2C",2000,"","","","TORTHON",NULL,"C3","0","Activa","","","",NULL,NULL,"","","","","","",NULL,NULL,"QRO",NULL,"Queretaro de Arteaga","2023-10-19","2023-10-19 20:52:47.488561+00","2023-10-19 20:52:47.48331+00",NULL,False
"158","EQ-045-001T","2000","KENWORTH","Sin color",NULL,"HDI","0000010",NULL,"GR9340C",2001,"","","","TRACTO",NULL,"T2S2","0","Activa","","","",NULL,NULL,"","","","","","",NULL,NULL,"QRO",NULL,"Queretaro de Arteaga","2023-11-13","2024-11-11 21:33:27.308895+00","2023-11-13 17:14:57.390805+00",NULL,False
"159","EQ-045-002","2001","INTERNATIONAL","Sin color",NULL,"HDI","00000001",NULL,"307VS9",2001,"","","","CAJA",NULL,"CTR007","0","Activa","","","",NULL,NULL,"","","","","","",NULL,NULL,"QRO",NULL,"Queretaro de Arteaga","2023-11-13","2023-11-13 17:15:54.274403+00","2023-11-13 17:15:54.272571+00",NULL,False
"160","EG-001-005","2024","FREIGHTLINER","Sin color",NULL,"HDI","00001",NULL,"17BA6V",2024,"","","","TORTHON","1431LTP14042021021001000","C3","0","Activa","","","",NULL,NULL,"","","","","","",NULL,NULL,"QRO",NULL,"Queretaro de Arteaga","2023-11-28","2023-11-28 19:55:50.142034+00","2023-11-28 19:55:50.138294+00",NULL,False
"161","EQ-022-003G","2000","K","Sin color",NULL,"Hdi","000001",NULL,"39BC8S",2010,"","","","RABON",NULL,"C2","0","Activa","","","",NULL,NULL,"","","","","","",NULL,NULL,"QRO",NULL,"Queretaro de Arteaga","2023-12-18","2025-03-27 17:12:05.078473+00","2023-12-19 04:19:54.829467+00","24",False
"162","EQ-022-005H","2000","A","Sin color",NULL,"Hdi","0000001",NULL,"50BC5S",2000,"","","","TORTHON",NULL,"C3","0","Activa","","","",NULL,NULL,"","","","","","",NULL,NULL,"QRO",NULL,"Queretaro de Arteaga","2023-12-19","2025-02-26 18:28:39.406903+00","2023-12-19 16:53:36.232557+00","24",False
"195","EQ-023-002H","CONSTELLATION","VOLKSWAGEN","Sin color",NULL,"HDI","00000001",NULL,"46BC7S",2000,"","","","TORTHON",NULL,"C3","0","Activa","","","",NULL,NULL,"","","","","","",NULL,NULL,"QRO",NULL,"Queretaro de Arteaga","2023-12-20","2025-01-16 17:21:12.275542+00","2023-12-20 22:06:01.664217+00","57",False
"196","AST01","HINO",NULL,"Sin color",NULL,NULL,NULL,NULL,"18AH6P",NULL,"","","","UNIDAD 1 TN",NULL,"VL","0","Activa","","","",NULL,NULL,"","","","","","",NULL,NULL,"QRO",NULL,"Queretaro de Arteaga","2023-12-28","2023-12-28 20:37:07.226135+00","2023-12-28 20:37:07.219743+00",NULL,False
"197","EQ-031-001H","2000","KENTWORTH","Sin color",NULL,"HDI","00000001",NULL,"37BE3Y",2000,"","","","TORTHON",NULL,"C3","0","Activa","","","",NULL,NULL,"","","","","","",NULL,NULL,"QRO",NULL,"Queretaro de Arteaga","2024-01-03","2025-01-16 22:16:22.896472+00","2024-01-03 17:05:47.419727+00","25",False
"198","EQ-033-001","2016","CHEVROLET","Sin color",NULL,"SEGUROS ATLAS","I15-1-69-5767","3GB3C9CG5GG256372","29AC7B",2016,"","","","UNIDAD 3.5 TN",NULL,"C2","0","Activa","","","",NULL,NULL,"","","","","","",NULL,NULL,"QRO","CAMIONETA LOCALES","Queretaro de Arteaga","2024-01-03","2025-05-21 15:23:44.414234+00","2024-01-03 18:48:07.0039+00","189",False
"199","EQ-013-002","2000","Silverado","Sin color",NULL,"Hdi","0000001",NULL,"Ld76922",2000,"","","","UNIDAD 1 TN",NULL,"VL","0","Activa","","","",NULL,NULL,"","","","","","",NULL,NULL,"QRO",NULL,"Queretaro de Arteaga","2024-01-04","2024-01-04 15:43:12.319356+00","2024-01-04 15:43:12.314588+00","15",False
"201","EMX-001-001","2000","FREIGHTLINER","Sin color",NULL,"QUALITAS","000000001",NULL,"PDF1315",2000,"","","","UNIDAD 3.5 TN",NULL,"C2","0","Activa","","","",NULL,NULL,"","","","","","",NULL,NULL,"QRO",NULL,"Ciudad de México","2024-01-18","2024-01-18 22:26:46.813467+00","2024-01-18 22:26:46.808149+00",NULL,False
"203","EQ-034-001","2006","INTERNATIONAL","Sin color",NULL,"HDI","000000001","3HANKAAR76L355452","89AY9X",2006,"","","","TORTHON","0919JIJR05092022021001000","C3","0","Activa","","","",NULL,NULL,"","","","","","",NULL,NULL,"QRO",NULL,"Queretaro de Arteaga","2024-01-23","2025-05-21 15:24:10.95668+00","2024-01-23 18:50:08.932748+00","58",False
"206","EQ-037-002","2000","INTERNATIONAL","Sin color",NULL,"HDI","0000001",NULL,"307VS9",2000,"","","","CAJA",NULL,"CTR007","0","Activa","","","",NULL,NULL,"","","","","","",NULL,NULL,"QRO",NULL,"Queretaro de Arteaga","2024-02-02","2024-02-02 22:16:20.989793+00","2024-02-02 22:16:20.986959+00",NULL,False
"207","EG-005-003","2022","FORD","Sin color",NULL,"HDI","000000001",NULL,"20AU5R",2022,"","","","UNIDAD 2.5 TN",NULL,"C3","0","Activa","","","",NULL,NULL,"","","","","","",NULL,NULL,"QRO",NULL,"Queretaro de Arteaga","2024-02-02","2024-02-02 22:19:12.872711+00","2024-02-02 22:19:12.869904+00",NULL,False
"208","EQ-005-019","TRANSIT","PEUGEOT","Sin color",NULL,"HDI","0000001",NULL,"SX0333D",2000,"","","","UNIDAD 1 TN",NULL,"VL","0","Activa","","","",NULL,NULL,"","","","","","",NULL,NULL,"QRO",NULL,"Queretaro de Arteaga","2024-02-14","2024-02-14 16:40:08.9432+00","2024-02-14 16:40:08.933712+00","7",False
"209","EMX-001-002","2000","INTERNATIONAL","Sin color",NULL,"HDI","0000001",NULL,"403EG4",2000,"","","","TORTHON",NULL,"C3","0","Activa","","","",NULL,NULL,"","","","","","",NULL,NULL,"QRO",NULL,"Mexico","2024-02-22","2024-02-22 21:09:27.554788+00","2024-02-22 21:09:27.54228+00",NULL,False
"211","EQ-028-001","2000","FREIGHTLINER|","Sin color",NULL,"HDI","0000001",NULL,"87AL5D",2000,"","","","TRACTO",NULL,"T2S2","0","Activa","","","",NULL,NULL,"","","","","","",NULL,NULL,"QRO",NULL,"Queretaro de Arteaga","2024-03-08","2024-03-08 16:26:46.707884+00","2024-03-08 16:26:46.700938+00",NULL,False
"212","EQ-028-002","2001","INTERNATIONAL","Sin color",NULL,"HDI","000001",NULL,"80UR6Y",2001,"","","","CAJA",NULL,"CTR007","0","Activa","","","",NULL,NULL,"","","","","","",NULL,NULL,"QRO",NULL,"Queretaro de Arteaga","2024-03-08","2024-03-08 16:27:42.256026+00","2024-03-08 16:27:42.252618+00",NULL,False
"213","EG-005-004","2012","KENTWORTH","Sin color",NULL,"HDI","000000001",NULL,"43AZ6V",2012,"","","","TRACTO","1431LTP14042021021001000","T2S2","0","Activa","","","",NULL,NULL,"","","","","","",NULL,NULL,"QRO",NULL,"Queretaro de Arteaga","2024-03-13","2024-03-13 19:47:26.271299+00","2024-03-13 19:47:26.237988+00",NULL,False
"214","EG-005-005","2000","INTERNATIONAL","Sin color",NULL,"HDI","0000001",NULL,"67UM6N",2000,"","","","CAJA",NULL,"CTR007","0","Activa","","","",NULL,NULL,"","","","","","",NULL,NULL,"QRO",NULL,"Queretaro de Arteaga","2024-03-13","2024-03-13 22:34:10.153542+00","2024-03-13 22:34:10.148648+00",NULL,False
"217","EQ-038-001","2000","FREIGHTLINER","Sin color",NULL,"HDI","00000001",NULL,"83BC5S",2000,"","","","RABON",NULL,"C3","0","Activa","","","",NULL,NULL,"","","","","","",NULL,NULL,"QRO",NULL,"Queretaro de Arteaga","2024-03-26","2024-03-26 14:07:08.035875+00","2024-03-26 14:07:08.02576+00",NULL,False
"218","EQ-012-002B","2023","NISSAN","Sin color",NULL,"HDI","000001",NULL,"3905ZP",2023,"","","","UNIDAD 1 TN",NULL,"VL","0","Activa","","","",NULL,NULL,"","","","","","",NULL,NULL,"QRO",NULL,"Queretaro de Arteaga","2024-04-03","2024-04-03 15:48:44.644069+00","2024-04-03 15:48:44.637073+00","14",False
"219","EQ-031-002H","2000","Kenworth","Sin color",NULL,"Hdi","0000001",NULL,"15AZ6S",2000,"","","","TORTHON",NULL,"C3","0","Activa","","","",NULL,NULL,"","","","","","",NULL,NULL,"QRO",NULL,"Queretaro de Arteaga","2024-04-24","2025-01-16 22:16:44.338574+00","2024-04-25 04:25:36.139684+00","25",False
"220","EQ-031-004H","2000","FREIGHTLINER","Sin color",NULL,"HDI","00000001",NULL,"84BH3E",2000,"","","","TORTHON",NULL,"C3","0","Activa","","","",NULL,NULL,"","","","","","",NULL,NULL,"QRO",NULL,"Queretaro de Arteaga","2024-05-07","2025-01-16 22:17:14.341515+00","2024-05-07 18:31:42.922811+00","25",False
"221","EQ-041-001","2021","FIAT","Sin color",NULL,"HDI","000000001","00000000001","ULE075J",2021,"","","","UNIDAD 1 TN",NULL,"VL","0","Activa","","","",NULL,NULL,"","","","","","",NULL,NULL,"QRO",NULL,"Queretaro de Arteaga","2024-05-15","2024-10-21 20:05:19.70013+00","2024-05-15 17:24:33.341258+00","91",False
"222","EQ-040-001","2000","F","Sin color",NULL,"HDI","0000001",NULL,"SY9382D",2000,"","","","UNIDAD 3.5 TN",NULL,"C2","0","Activa","","","",NULL,NULL,"","","","","","",NULL,NULL,"QRO",NULL,"Queretaro de Arteaga","2024-05-23","2024-10-28 18:14:19.334502+00","2024-05-23 19:09:53.060033+00","94",False
"223","EQ-031-003G","2000","F","Sin color",NULL,"HDI","000001",NULL,"65BF4C",2000,"","","","RABON",NULL,"C2","0","Activa","","","",NULL,NULL,"","","","","","",NULL,NULL,"QRO",NULL,"Queretaro de Arteaga","2024-05-23","2025-01-16 22:16:59.619405+00","2024-05-23 19:13:48.985199+00","25",False
"227","EMX-001-003E","2000","FORD","Sin color",NULL,"HDI","000001",NULL,"LC35840",2000,"","","","UNIDAD 3.5 TN",NULL,"C2","0","Activa","","","",NULL,NULL,"","","","","","",NULL,NULL,"QRO",NULL,"Ciudad de México","2024-07-31","2024-07-31 22:42:48.877383+00","2024-07-31 22:42:48.875435+00",NULL,False
"228","EQ-044-001","NP 300","NISSAN","Sin color",NULL,"HDI","0000001","3N6AD35A4PK853156","SY9288B",2023,"","","","UNIDAD 1 TN",NULL,"VL","0","Activa","","","",NULL,NULL,"","","","","","",NULL,NULL,"QRO",NULL,"Queretaro de Arteaga","2024-08-01","2024-10-21 20:05:52.976711+00","2024-08-01 18:36:53.197756+00","90",False
"229","EQ-013-003","2000","HINO","Sin color",NULL,"HDI","0000001",NULL,"06BF7B",2020,"","","","TORTHON",NULL,"C3","0","Activa","","","",NULL,NULL,"","","","","","",NULL,NULL,"QRO",NULL,"Queretaro de Arteaga","2024-08-22","2025-04-08 23:24:08.640297+00","2024-08-22 23:31:30.615897+00","15",False
"230","EQ-023-003G","2017","FREIGHTLINER","Sin color",NULL,"HDI","00000001","JLMBBG1S6HK000855","88BF9G",2017,"","","","RABON","2242GOTA03092024230303000","C2","0","Activa","","","",NULL,NULL,"","","","","","",NULL,NULL,"QRO","DIVISION CARGA PELIGROSA","Queretaro de Arteaga","2024-09-17","2025-01-16 17:22:59.972099+00","2024-09-17 16:52:57.044969+00","57",False
"263","EQ-016-001","2012","DODGE","Sin color",NULL,NULL,NULL,"3C7WDAKT0CG167103","36AU2N",2012,"","","","UNIDAD 3.5 TN",NULL,"VL","0","Activa","","","",NULL,NULL,"","","","","","",NULL,NULL,"QRO",NULL,"Queretaro de Arteaga","2024-10-07","2024-10-23 19:10:30.283144+00","2024-10-07 16:52:28.856773+00","18",True
"296","EQ-025-002E","2020","DODGE","Sin color",NULL,"HDI","00000001","3C7WRAKT2LG113433","LF21740",2020,"","","","UNIDAD 1 TN",NULL,"VL","0","Activa","","","",NULL,NULL,"","","","","","",NULL,NULL,"QRO",NULL,"Queretaro de Arteaga","2024-10-11","2025-05-21 15:21:45.620962+00","2024-10-11 20:32:25.877773+00","93",False
"329","EQ-025-001","2000","FORD","Sin color",NULL,NULL,NULL,"3FDKF36L8YMA61353","LD54218",2000,"","","","UNIDAD 3.5 TN",NULL,"VL","0","Activa","","","",NULL,NULL,"","","","","","",NULL,NULL,"QRO",NULL,"Queretaro de Arteaga","2024-10-28","2024-10-28 18:21:58.397105+00","2024-10-28 18:21:58.389981+00","93",True
"395","EGT-001-001H","2016","FREIGHTLINER","Sin color",NULL,"HDI","0000001",NULL,"65BF7X",2016,"","","","RABON",NULL,"C2","0","Activa","","","",NULL,NULL,"","","","","","",NULL,NULL,"QRO",NULL,"Guanajuato","2024-11-23","2025-05-21 15:14:55.603976+00","2024-11-24 01:12:08.318339+00","420",False
"428","EQ-046-001B","2022","CHEVROLET","Sin color",NULL,"HDI","0000001","LSFAM2AB0RA094627","SU3757E",2022,"","","","UNIDAD 1 TN",NULL,"VL","0","Activa","","","",NULL,NULL,"","","","","","",NULL,NULL,"QRO",NULL,"Queretaro de Arteaga","2024-11-28","2025-04-28 19:02:59.487525+00","2024-11-28 16:13:21.306797+00","354",False
"461","EQ-024-001G","2016","INTERNATION","Sin color",NULL,"HDI","000001","3HAMMMDL2GL739736","98BH3E",2016,"","","","RABON","2242HDAR2602202102100","C2","0","Activa","","","",NULL,NULL,"","","","","","",NULL,NULL,"QRO",NULL,"Queretaro de Arteaga","2025-01-16","2025-05-21 15:14:22.686682+00","2025-01-16 17:25:15.862775+00","123",False
"494","EQ-031-005H","2014","kentworth","Sin color",NULL,"hdi","0000001","3BKHKM9X7EF302016","14BH5S",2014,"","","","TORTHON",NULL,"C3","0","Activa","","","",NULL,NULL,"","","","","","",NULL,NULL,"QRO",NULL,"Queretaro de Arteaga","2025-01-16","2025-01-23 03:31:01.327091+00","2025-01-16 22:20:13.242641+00","25",False
"527","EQ-023-004G","DELIVERY","VOLKSWAGEN","Sin color",NULL,"HDI","00000001",NULL,"25BH9D",2024,"","","","RABON",NULL,"C2","0","Activa","","","",NULL,NULL,"","","","","","",NULL,NULL,"QRO",NULL,"Queretaro de Arteaga","2025-02-18","2025-02-18 18:16:17.479433+00","2025-02-18 18:16:17.469972+00","57",False
"560","EQ-024-002T","2011","KENWORTH","Sin color",NULL,"HDI","000000001","3WKAD40X3BF830992","96BH4S",2011,"","","","TRACTO","2242HUAR26022021021003006","T3S2","0","Activa","","","",NULL,NULL,"","","","","","",NULL,NULL,"QRO",NULL,"Queretaro de Arteaga","2025-02-24","2025-02-24 19:22:09.464252+00","2025-02-24 19:22:09.433173+00","123",False
"593","EQ-022-006H","2000","Freightliner","Sin color",NULL,"HDI","0000001",NULL,"48BE1Z",2000,"","","","TORTHON",NULL,"C3","0","Activa","","","",NULL,NULL,"","","","","","",NULL,NULL,"QRO",NULL,"Queretaro de Arteaga","2025-02-26","2025-02-26 18:29:35.762743+00","2025-02-26 18:29:35.756649+00","24",False
"594","EQ-031-007H","2017","Freightliner","Sin color",NULL,"Hdi","00000001",NULL,"32BJT9",2017,"","","","TORTHON",NULL,"C3","0","Activa","","","",NULL,NULL,"","","","","","",NULL,NULL,"QRO",NULL,"Queretaro de Arteaga","2025-02-26","2025-04-02 18:25:21.837275+00","2025-02-26 18:45:53.436284+00","25",False
"626","EQ-041-002","2024","FAW","Sin color",NULL,"BANORTE","9346610","3EP2CD2B9RE000792","66BH8Y",2024,"","","","UNIDAD 3.5 TN","1522SARS119022025021001000","VL","0","Activa","","","",NULL,NULL,"","","","","","",NULL,NULL,"QRO",NULL,"Queretaro de Arteaga","2025-03-03","2025-03-03 19:00:23.304758+00","2025-03-03 18:59:09.518481+00","91",False
"659","EQ-047-001","NP 300","NISSAN","Sin color",NULL,"HDI","0000001",NULL,"LD45642",2011,"","","","UNIDAD 1 TN",NULL,"VL","0","Activa","","","",NULL,NULL,"","","","","","",NULL,NULL,"QRO",NULL,"Queretaro de Arteaga","2025-03-10","2025-03-10 22:51:06.121732+00","2025-03-10 22:51:06.037826+00","255",False
"692","EQ-001-004H","2020","hino","Sin color",NULL,"HDI","000000001",NULL,"94BH6S",2020,"","","","TORTHON",NULL,"C3","0","Activa","","","",NULL,NULL,"","","","","","",NULL,NULL,"QRO",NULL,"Queretaro de Arteaga","2025-03-13","2025-03-13 18:44:44.905545+00","2025-03-13 18:44:44.886965+00","156",False
"725","EQ-023-006","2025","VOLKSWAGEN","Sin color",NULL,"HDI","00000001","3MN658249SD301780","15BJ1U",2025,"","","","TORTHON","2242GOTE27112023021001003","C3","0","Activa","","","",NULL,NULL,"","","","","","",NULL,NULL,"QRO",NULL,"Queretaro de Arteaga","2025-03-31","2025-03-31 18:46:56.442684+00","2025-03-31 18:46:56.422637+00","57",False
"758","EQ-031-008H","2000","KENTWORTH","Sin color",NULL,"HDI","00000001",NULL,"09BJ4U",2000,"","","","TORTHON",NULL,"C3","0","Activa","","","",NULL,NULL,"","","","","","",NULL,NULL,"QRO",NULL,"Queretaro de Arteaga","2025-04-02","2025-05-05 20:36:06.754537+00","2025-04-02 18:26:56.381975+00","25",False
"791","EQ-022-007H","2013","KENWORTH","Sin color",NULL,"0830423497","QUALITAS","3WKHDN9XXDF382163","64BJ1T",2013,"","","","TORTHON","2242SIGS24042023021001003","C3","0","Activa","","","",NULL,NULL,"","","","","","",NULL,NULL,"QRO","RAMPA HIDRAULICA","Queretaro de Arteaga","2025-04-08","2025-04-08 19:19:12.095268+00","2025-04-08 19:19:12.082411+00","24",False
"824","EQ-048-001E","2000","FORD","Sin color",NULL,"HDI","00000001",NULL,"66BH8Y",2000,"","","","UNIDAD 3.5 TN",NULL,"C2","0","Activa","","","",NULL,NULL,"","","","","","",NULL,NULL,"QRO",NULL,"Queretaro de Arteaga","2025-04-10","2025-04-10 19:09:59.087451+00","2025-04-10 19:09:59.076917+00","288",False
"857","EQ-031-009","2016","FREIGHTLINER","Sin color",NULL,"HDI","00000001",NULL,"08BJ4U",2016,"","","","TORTHON",NULL,"C3","0","Activa","","","",NULL,NULL,"","","","","","",NULL,NULL,"QRO",NULL,"Queretaro de Arteaga","2025-05-05","2025-05-05 20:39:23.56772+00","2025-05-05 20:39:23.525551+00","25",False
"890","EGT-001-002","2017","Kenworth","Sin color",NULL,"Qualitas","8330148357","2NKHHM6X2HM137770","31BJ5V",2017,"","","","TORTHON","1124RAPM03092024021001001","C2","0","Activa","","","",NULL,NULL,"","","","","","",NULL,NULL,"QRO",NULL,"Guanajuato","2025-05-13","2025-05-21 15:13:44.352241+00","2025-05-13 18:14:43.964637+00","420",False
"923","EQ-022-008","2000","FREIGHTLINER","Sin color",NULL,"HDI","00000001",NULL,"72BK8C",2000,"","","","TORTHON",NULL,"C3","0","Activa","","","",NULL,NULL,"","","","","","",NULL,NULL,"QRO",NULL,"Queretaro de Arteaga","2025-05-23","2025-06-13 18:59:43.970039+00","2025-05-23 16:25:21.447426+00","24",False
"956","EQ-031-006E","2015","CHEVROLET","Sin color",NULL,"HDI","0000001",NULL,"27AN7Z",2015,"","","","UNIDAD 3.5 TN",NULL,"C2","0","Activa","","","",NULL,NULL,"","","","","","",NULL,NULL,"QRO",NULL,"Queretaro de Arteaga","2025-06-17","2025-06-17 17:14:45.345102+00","2025-06-17 17:14:45.331856+00","25",False
